ticker,fair_value,fair_value_upside,as_of_date,source,verification_status
COMI,,,,Investing.com InvestingPro,Not publicly verifiable
SWDY,,,,Investing.com InvestingPro,Not publicly verifiable
ETEL,,,,Investing.com InvestingPro,Not publicly verifiable
TMGH,,,,Investing.com InvestingPro,Not publicly verifiable
EGAL,,,,Investing.com InvestingPro,Not publicly verifiable
MFPC,,,,Investing.com InvestingPro,Not publicly verifiable
QNBE,,,,Investing.com InvestingPro,Not publicly verifiable
ABUK,,,,Investing.com InvestingPro,Not publicly verifiable
HDBK,,,,Investing.com InvestingPro,Not publicly verifiable
EAST,,,,Investing.com InvestingPro,Not publicly verifiable
ALCN,,,,Investing.com InvestingPro,Not publicly verifiable
ORAS,,,,Investing.com InvestingPro,Not publicly verifiable
EFIH,,,,Investing.com InvestingPro,Not publicly verifiable
EMFD,,,,Investing.com InvestingPro,Not publicly verifiable
ADIB,,,,Investing.com InvestingPro,Not publicly verifiable
FWRY,,,,Investing.com InvestingPro,Not publicly verifiable
SCTS,,,,Investing.com InvestingPro,Not publicly verifiable
ORHD,,,,Investing.com InvestingPro,Not publicly verifiable
EFID,,,,Investing.com InvestingPro,Not publicly verifiable
CANA,,,,Investing.com InvestingPro,Not publicly verifiable
OCDI,,,,Investing.com InvestingPro,Not publicly verifiable
PHDC,,,,Investing.com InvestingPro,Not publicly verifiable
JUFO,,,,Investing.com InvestingPro,Not publicly verifiable
HRHO,,,,Investing.com InvestingPro,Not publicly verifiable
GBCO,,,,Investing.com InvestingPro,Not publicly verifiable
HELI,,,,Investing.com InvestingPro,Not publicly verifiable
CIEB,,,,Investing.com InvestingPro,Not publicly verifiable
BTFH,,,,Investing.com InvestingPro,Not publicly verifiable
FAIT,,,,Investing.com InvestingPro,Not publicly verifiable
RAYA,,,,Investing.com InvestingPro,Not publicly verifiable
FERC,,,,Investing.com InvestingPro,Not publicly verifiable
EXPA,,,,Investing.com InvestingPro,Not publicly verifiable
ARCC,,,,Investing.com InvestingPro,Not publicly verifiable
IRON,,,,Investing.com InvestingPro,Not publicly verifiable
EGCH,,,,Investing.com InvestingPro,Not publicly verifiable
SCEM,,,,Investing.com InvestingPro,Not publicly verifiable
CCAP,,,,Investing.com InvestingPro,Not publicly verifiable
BIOC,,,,Investing.com InvestingPro,Not publicly verifiable
CLHO,,,,Investing.com InvestingPro,Not publicly verifiable
VALU,,,,Investing.com InvestingPro,Not publicly verifiable
MCQE,,,,Investing.com InvestingPro,Not publicly verifiable
MBSC,,,,Investing.com InvestingPro,Not publicly verifiable
CIRA,,,,Investing.com InvestingPro,Not publicly verifiable
EFIC,,,,Investing.com InvestingPro,Not publicly verifiable
PHAR,,,,Investing.com InvestingPro,Not publicly verifiable
TAQA,,,,Investing.com InvestingPro,Not publicly verifiable
SKPC,,,,Investing.com InvestingPro,Not publicly verifiable
MTIE,,,,Investing.com InvestingPro,Not publicly verifiable
POUL,,,,Investing.com InvestingPro,Not publicly verifiable
ORWE,,,,Investing.com InvestingPro,Not publicly verifiable
EGTS,,,,Investing.com InvestingPro,Not publicly verifiable
UBEE,,,,Investing.com InvestingPro,Not publicly verifiable
MASR,,,,Investing.com InvestingPro,Not publicly verifiable
AMOC,,,,Investing.com InvestingPro,Not publicly verifiable
EGSA,,,,Investing.com InvestingPro,Not publicly verifiable
SAUD,,,,Investing.com InvestingPro,Not publicly verifiable
NIPH,,,,Investing.com InvestingPro,Not publicly verifiable
MOIL,,,,Investing.com InvestingPro,Not publicly verifiable
ATQA,,,,Investing.com InvestingPro,Not publicly verifiable
KORA,,,,Investing.com InvestingPro,Not publicly verifiable
AMES,,,,Investing.com InvestingPro,Not publicly verifiable
MHOT,,,,Investing.com InvestingPro,Not publicly verifiable
EGBE,,,,Investing.com InvestingPro,Not publicly verifiable
TALM,,,,Investing.com InvestingPro,Not publicly verifiable
ISPH,,,,Investing.com InvestingPro,Not publicly verifiable
CICH,,,,Investing.com InvestingPro,Not publicly verifiable
RMDA,,,,Investing.com InvestingPro,Not publicly verifiable
CSAG,,,,Investing.com InvestingPro,Not publicly verifiable
OIH,,,,Investing.com InvestingPro,Not publicly verifiable
BINV,,,,Investing.com InvestingPro,Not publicly verifiable
IFAP,,,,Investing.com InvestingPro,Not publicly verifiable
MOIN,,,,Investing.com InvestingPro,Not publicly verifiable
ZMID,,,,Investing.com InvestingPro,Not publicly verifiable
AMIA,,,,Investing.com InvestingPro,Not publicly verifiable
MPCI,,,,Investing.com InvestingPro,Not publicly verifiable
MIPH,,,,Investing.com InvestingPro,Not publicly verifiable
OLFI,,,,Investing.com InvestingPro,Not publicly verifiable
MPRC,,,,Investing.com InvestingPro,Not publicly verifiable
SUGR,,,,Investing.com InvestingPro,Not publicly verifiable
ISMQ,,,,Investing.com InvestingPro,Not publicly verifiable
PRDC,,,,Investing.com InvestingPro,Not publicly verifiable
BONY,,,,Investing.com InvestingPro,Not publicly verifiable
EGAS,,,,Investing.com InvestingPro,Not publicly verifiable
AXPH,,,,Investing.com InvestingPro,Not publicly verifiable
PHTV,,,,Investing.com InvestingPro,Not publicly verifiable
CPCI,,,,Investing.com InvestingPro,Not publicly verifiable
DOMT,,,,Investing.com InvestingPro,Not publicly verifiable
GOUR,,,,Investing.com InvestingPro,Not publicly verifiable
ELEC,,,,Investing.com InvestingPro,Not publicly verifiable
NINH,,,,Investing.com InvestingPro,Not publicly verifiable
SPIN,,,,Investing.com InvestingPro,Not publicly verifiable
ACAP,,,,Investing.com InvestingPro,Not publicly verifiable
NAPR,,,,Investing.com InvestingPro,Not publicly verifiable
ENGC,,,,Investing.com InvestingPro,Not publicly verifiable
SPHT,,,,Investing.com InvestingPro,Not publicly verifiable
ARAB,,,,Investing.com InvestingPro,Not publicly verifiable
OCPH,,,,Investing.com InvestingPro,Not publicly verifiable
SVCE,,,,Investing.com InvestingPro,Not publicly verifiable
CNFN,,,,Investing.com InvestingPro,Not publicly verifiable
MICH,,,,Investing.com InvestingPro,Not publicly verifiable
SAIB,,,,Investing.com InvestingPro,Not publicly verifiable
